{"cameraMode":{"drawMode":0,"name":"Shaded","section":"Shading Mode"},"sceneLighting":false,"audioPlay":false,"sceneViewState":{"showFog":true,"showMaterialUpdate":true,"showSkybox":false,"showFlares":true,"showImageEffects":true,"showParticleSystems":true,"showVisualEffectGraphs":true,"m_FxEnabled":true},"in2DMode":false,"pivot":{"x":4.831752777099609,"y":-3.396399736404419,"z":-1.9075744152069092},"rotation":{"x":0.04591769352555275,"y":0.19270212948322297,"z":-0.009030534885823727,"w":0.9801986813545227},"size":0.8660253882408142,"orthographic":false}