{"cameraMode":{"drawMode":0,"name":"Shaded","section":"Shading Mode"},"sceneLighting":false,"audioPlay":false,"sceneViewState":{"showFog":true,"showMaterialUpdate":true,"showSkybox":false,"showFlares":true,"showImageEffects":true,"showParticleSystems":true,"showVisualEffectGraphs":true,"m_FxEnabled":true},"in2DMode":false,"pivot":{"x":107.73954772949219,"y":111.11013793945313,"z":470.7109069824219},"rotation":{"x":-0.018358610570430757,"y":-0.7039248943328857,"z":0.018139716237783433,"w":-0.7098382711410523},"size":28.037519454956056,"orthographic":false}